run_name,task_id,episode_idx,infer_id,route_type,accepted_prefix_len,chunk_exec_len,policy_time_gpu_sync_ms,policy_time_wall_ms,gpu_sync_before_after_used,sample_actions_ms,policy_time_ms,serve_time_ms,client_roundtrip_ms,timing_patch_stage,source
stage6_libero_goal_task0_seed7_n3,0,0,0,full,12,12,32.77577799599385,32.77577799599385,1,32.77577799599385,34.66951700102072,34.81528900010744,36.545457005559,stage6,/workspace/realtime_vla_flash_project/videos/stage6_sync_profile/stage6_libero_goal_task0_seed7_n3/episodes/task00_ep000_open_the_middle_drawer_of_the_cabinet_success/infer.jsonl
stage6_libero_goal_task0_seed7_n3,0,0,1,draft,12,12,7.917121998616494,7.917121998616494,1,7.917121998616494,10.011243000917602,10.11037499847589,11.388717000954784,stage6,/workspace/realtime_vla_flash_project/videos/stage6_sync_profile/stage6_libero_goal_task0_seed7_n3/episodes/task00_ep000_open_the_middle_drawer_of_the_cabinet_success/infer.jsonl
stage6_libero_goal_task0_seed7_n3,0,0,2,draft,12,12,7.851540998672135,7.851540998672135,1,7.851540998672135,9.973162996175233,10.0771639845334,11.149254998599645,stage6,/workspace/realtime_vla_flash_project/videos/stage6_sync_profile/stage6_libero_goal_task0_seed7_n3/episodes/task00_ep000_open_the_middle_drawer_of_the_cabinet_success/infer.jsonl
stage6_libero_goal_task0_seed7_n3,0,0,3,draft,12,12,7.812529998773243,7.812529998773243,1,7.812529998773243,9.93098299659323,10.02570299897343,11.23847599956207,stage6,/workspace/realtime_vla_flash_project/videos/stage6_sync_profile/stage6_libero_goal_task0_seed7_n3/episodes/task00_ep000_open_the_middle_drawer_of_the_cabinet_success/infer.jsonl
stage6_libero_goal_task0_seed7_n3,0,0,4,draft,12,12,7.843221006623935,7.843221006623935,1,7.843221006623935,10.060004002298228,10.156804004509468,11.461337999207899,stage6,/workspace/realtime_vla_flash_project/videos/stage6_sync_profile/stage6_libero_goal_task0_seed7_n3/episodes/task00_ep000_open_the_middle_drawer_of_the_cabinet_success/infer.jsonl
stage6_libero_goal_task0_seed7_n3,0,0,5,draft,12,12,8.064153000304941,8.064153000304941,1,8.064153000304941,10.536318994127214,10.662969994882587,11.867422006616835,stage6,/workspace/realtime_vla_flash_project/videos/stage6_sync_profile/stage6_libero_goal_task0_seed7_n3/episodes/task00_ep000_open_the_middle_drawer_of_the_cabinet_success/infer.jsonl
stage6_libero_goal_task0_seed7_n3,0,0,6,draft,12,12,8.065412999712862,8.065412999712862,1,8.065412999712862,10.347796000132803,10.463988000992686,11.808270995970815,stage6,/workspace/realtime_vla_flash_project/videos/stage6_sync_profile/stage6_libero_goal_task0_seed7_n3/episodes/task00_ep000_open_the_middle_drawer_of_the_cabinet_success/infer.jsonl
stage6_libero_goal_task0_seed7_n3,0,0,7,draft,12,12,8.057702994847205,8.057702994847205,1,8.057702994847205,10.281626004143618,10.406297005829401,11.565469001652673,stage6,/workspace/realtime_vla_flash_project/videos/stage6_sync_profile/stage6_libero_goal_task0_seed7_n3/episodes/task00_ep000_open_the_middle_drawer_of_the_cabinet_success/infer.jsonl
stage6_libero_goal_task0_seed7_n3,0,0,8,draft,12,12,8.063282999501098,8.063282999501098,1,8.063282999501098,10.278364999976475,10.449146997416392,11.404707001929637,stage6,/workspace/realtime_vla_flash_project/videos/stage6_sync_profile/stage6_libero_goal_task0_seed7_n3/episodes/task00_ep000_open_the_middle_drawer_of_the_cabinet_success/infer.jsonl
stage6_libero_goal_task0_seed7_n3,0,0,9,draft,12,12,8.06778400146868,8.06778400146868,1,8.06778400146868,10.605638999550138,10.722121005528606,11.989473998255562,stage6,/workspace/realtime_vla_flash_project/videos/stage6_sync_profile/stage6_libero_goal_task0_seed7_n3/episodes/task00_ep000_open_the_middle_drawer_of_the_cabinet_success/infer.jsonl
stage6_libero_goal_task0_seed7_n3,0,1,0,full,12,12,32.74411700112978,32.74411700112978,1,32.74411700112978,34.960409997438546,35.066591000941116,36.783358998945914,stage6,/workspace/realtime_vla_flash_project/videos/stage6_sync_profile/stage6_libero_goal_task0_seed7_n3/episodes/task00_ep001_open_the_middle_drawer_of_the_cabinet_success/infer.jsonl
stage6_libero_goal_task0_seed7_n3,0,1,1,draft,12,12,8.186844999727327,8.186844999727327,1,8.186844999727327,10.582859002170153,10.689921007724479,11.66794999880949,stage6,/workspace/realtime_vla_flash_project/videos/stage6_sync_profile/stage6_libero_goal_task0_seed7_n3/episodes/task00_ep001_open_the_middle_drawer_of_the_cabinet_success/infer.jsonl
stage6_libero_goal_task0_seed7_n3,0,1,2,draft,12,12,8.079003004240803,8.079003004240803,1,8.079003004240803,10.648748997482471,10.765881001134403,11.981233001279179,stage6,/workspace/realtime_vla_flash_project/videos/stage6_sync_profile/stage6_libero_goal_task0_seed7_n3/episodes/task00_ep001_open_the_middle_drawer_of_the_cabinet_success/infer.jsonl
stage6_libero_goal_task0_seed7_n3,0,1,3,draft,12,12,8.062963002885226,8.062963002885226,1,8.062963002885226,10.61556000058772,10.735591007687617,11.999504000414163,stage6,/workspace/realtime_vla_flash_project/videos/stage6_sync_profile/stage6_libero_goal_task0_seed7_n3/episodes/task00_ep001_open_the_middle_drawer_of_the_cabinet_success/infer.jsonl
stage6_libero_goal_task0_seed7_n3,0,1,4,draft,12,12,8.037573003093712,8.037573003093712,1,8.037573003093712,10.342036999645643,10.459867997269612,11.58828900224762,stage6,/workspace/realtime_vla_flash_project/videos/stage6_sync_profile/stage6_libero_goal_task0_seed7_n3/episodes/task00_ep001_open_the_middle_drawer_of_the_cabinet_success/infer.jsonl
stage6_libero_goal_task0_seed7_n3,0,1,5,draft,12,12,8.064422996540088,8.064422996540088,1,8.064422996540088,10.497789000510238,10.614858998451382,11.864872998557985,stage6,/workspace/realtime_vla_flash_project/videos/stage6_sync_profile/stage6_libero_goal_task0_seed7_n3/episodes/task00_ep001_open_the_middle_drawer_of_the_cabinet_success/infer.jsonl
stage6_libero_goal_task0_seed7_n3,0,1,6,draft,12,12,22.214509001059923,22.214509001059923,1,22.214509001059923,24.689845005923416,24.82655601488659,26.30461100488901,stage6,/workspace/realtime_vla_flash_project/videos/stage6_sync_profile/stage6_libero_goal_task0_seed7_n3/episodes/task00_ep001_open_the_middle_drawer_of_the_cabinet_success/infer.jsonl
stage6_libero_goal_task0_seed7_n3,0,1,7,draft,12,12,8.053183999436442,8.053183999436442,1,8.053183999436442,10.559189002378844,10.67602099647047,11.812882003141567,stage6,/workspace/realtime_vla_flash_project/videos/stage6_sync_profile/stage6_libero_goal_task0_seed7_n3/episodes/task00_ep001_open_the_middle_drawer_of_the_cabinet_success/infer.jsonl
stage6_libero_goal_task0_seed7_n3,0,1,8,draft,12,12,8.12847400084138,8.12847400084138,1,8.12847400084138,10.587318996840622,10.70577999780653,12.290735998249147,stage6,/workspace/realtime_vla_flash_project/videos/stage6_sync_profile/stage6_libero_goal_task0_seed7_n3/episodes/task00_ep001_open_the_middle_drawer_of_the_cabinet_success/infer.jsonl
stage6_libero_goal_task0_seed7_n3,0,1,9,draft,12,12,8.044023001275491,8.044023001275491,1,8.044023001275491,10.326366995286662,10.46327799122082,11.977982998359948,stage6,/workspace/realtime_vla_flash_project/videos/stage6_sync_profile/stage6_libero_goal_task0_seed7_n3/episodes/task00_ep001_open_the_middle_drawer_of_the_cabinet_success/infer.jsonl
stage6_libero_goal_task0_seed7_n3,0,2,0,full,12,12,33.15581199422013,33.15581199422013,1,33.15581199422013,35.872699998435564,35.9943509902223,37.47046600619797,stage6,/workspace/realtime_vla_flash_project/videos/stage6_sync_profile/stage6_libero_goal_task0_seed7_n3/episodes/task00_ep002_open_the_middle_drawer_of_the_cabinet_success/infer.jsonl
stage6_libero_goal_task0_seed7_n3,0,2,1,draft,12,12,8.199134994356427,8.199134994356427,1,8.199134994356427,10.72674999886658,10.843481999472715,12.046194002323318,stage6,/workspace/realtime_vla_flash_project/videos/stage6_sync_profile/stage6_libero_goal_task0_seed7_n3/episodes/task00_ep002_open_the_middle_drawer_of_the_cabinet_success/infer.jsonl
stage6_libero_goal_task0_seed7_n3,0,2,2,draft,12,12,8.089262999419589,8.089262999419589,1,8.089262999419589,10.580389003735036,10.69888100028038,11.847451998619363,stage6,/workspace/realtime_vla_flash_project/videos/stage6_sync_profile/stage6_libero_goal_task0_seed7_n3/episodes/task00_ep002_open_the_middle_drawer_of_the_cabinet_success/infer.jsonl
stage6_libero_goal_task0_seed7_n3,0,2,3,draft,12,12,8.073513003182597,8.073513003182597,1,8.073513003182597,10.419976999401115,10.536938993027434,11.548139002115931,stage6,/workspace/realtime_vla_flash_project/videos/stage6_sync_profile/stage6_libero_goal_task0_seed7_n3/episodes/task00_ep002_open_the_middle_drawer_of_the_cabinet_success/infer.jsonl
stage6_libero_goal_task0_seed7_n3,0,2,4,draft,12,12,8.25248500041198,8.25248500041198,1,8.25248500041198,10.629538999637589,10.747801003162749,12.096915001166053,stage6,/workspace/realtime_vla_flash_project/videos/stage6_sync_profile/stage6_libero_goal_task0_seed7_n3/episodes/task00_ep002_open_the_middle_drawer_of_the_cabinet_success/infer.jsonl
stage6_libero_goal_task0_seed7_n3,0,2,5,draft,12,12,8.066793001489714,8.066793001489714,1,8.066793001489714,10.603349001030438,10.722499995608814,12.115414996515028,stage6,/workspace/realtime_vla_flash_project/videos/stage6_sync_profile/stage6_libero_goal_task0_seed7_n3/episodes/task00_ep002_open_the_middle_drawer_of_the_cabinet_success/infer.jsonl
stage6_libero_goal_task0_seed7_n3,0,2,6,draft,12,12,8.058713996433653,8.058713996433653,1,8.058713996433653,10.563399002421647,10.744710998551454,11.867511995660607,stage6,/workspace/realtime_vla_flash_project/videos/stage6_sync_profile/stage6_libero_goal_task0_seed7_n3/episodes/task00_ep002_open_the_middle_drawer_of_the_cabinet_success/infer.jsonl
stage6_libero_goal_task0_seed7_n3,0,2,7,draft,12,12,8.117154000501614,8.117154000501614,1,8.117154000501614,10.537729001953267,10.716801007220056,11.902322999958415,stage6,/workspace/realtime_vla_flash_project/videos/stage6_sync_profile/stage6_libero_goal_task0_seed7_n3/episodes/task00_ep002_open_the_middle_drawer_of_the_cabinet_success/infer.jsonl
stage6_libero_goal_task0_seed7_n3,0,2,8,draft,12,12,8.074493998719845,8.074493998719845,1,8.074493998719845,10.528637998504564,10.645818991179112,11.878131997946184,stage6,/workspace/realtime_vla_flash_project/videos/stage6_sync_profile/stage6_libero_goal_task0_seed7_n3/episodes/task00_ep002_open_the_middle_drawer_of_the_cabinet_success/infer.jsonl
stage6_libero_goal_task0_seed7_n3,0,2,9,draft,12,12,8.095323995803483,8.095323995803483,1,8.095323995803483,10.56290900305612,10.683289998269174,11.657380004180595,stage6,/workspace/realtime_vla_flash_project/videos/stage6_sync_profile/stage6_libero_goal_task0_seed7_n3/episodes/task00_ep002_open_the_middle_drawer_of_the_cabinet_success/infer.jsonl
stage6_libero_goal_task1_seed7_n3,1,0,0,full,12,12,3825.4606269983924,3825.4606269983924,1,3825.4606269983924,3827.92707200133,3828.0864030020894,3829.9995839988696,stage6,/workspace/realtime_vla_flash_project/videos/stage6_sync_profile/stage6_libero_goal_task1_seed7_n3/episodes/task01_ep000_put_the_bowl_on_the_stove_success/infer.jsonl
stage6_libero_goal_task1_seed7_n3,1,0,1,draft,12,12,622.4393070006045,622.4393070006045,1,622.4393070006045,624.1844949981896,624.2537150028511,626.5335089992732,stage6,/workspace/realtime_vla_flash_project/videos/stage6_sync_profile/stage6_libero_goal_task1_seed7_n3/episodes/task01_ep000_put_the_bowl_on_the_stove_success/infer.jsonl
stage6_libero_goal_task1_seed7_n3,1,0,2,draft,0,0,7.6050880015827715,7.6050880015827715,1,7.6050880015827715,9.423466995940544,9.530199000437278,10.901132001890801,stage6,/workspace/realtime_vla_flash_project/videos/stage6_sync_profile/stage6_libero_goal_task1_seed7_n3/episodes/task01_ep000_put_the_bowl_on_the_stove_success/infer.jsonl
stage6_libero_goal_task1_seed7_n3,1,0,3,full,12,12,37.61667799699353,37.61667799699353,1,37.61667799699353,39.261894999071956,39.335956003924366,40.25477499817498,stage6,/workspace/realtime_vla_flash_project/videos/stage6_sync_profile/stage6_libero_goal_task1_seed7_n3/episodes/task01_ep000_put_the_bowl_on_the_stove_success/infer.jsonl
stage6_libero_goal_task1_seed7_n3,1,0,4,draft,12,12,7.665319004445337,7.665319004445337,1,7.665319004445337,9.418728004675359,9.495228005107492,10.535857996728737,stage6,/workspace/realtime_vla_flash_project/videos/stage6_sync_profile/stage6_libero_goal_task1_seed7_n3/episodes/task01_ep000_put_the_bowl_on_the_stove_success/infer.jsonl
stage6_libero_goal_task1_seed7_n3,1,0,5,draft,12,12,7.921741002064664,7.921741002064664,1,7.921741002064664,10.229175997665152,10.34010699368082,11.31348600029014,stage6,/workspace/realtime_vla_flash_project/videos/stage6_sync_profile/stage6_libero_goal_task1_seed7_n3/episodes/task01_ep000_put_the_bowl_on_the_stove_success/infer.jsonl
stage6_libero_goal_task1_seed7_n3,1,0,6,draft,12,12,8.070253003097605,8.070253003097605,1,8.070253003097605,10.594658997433726,10.715260992583353,11.937012997805141,stage6,/workspace/realtime_vla_flash_project/videos/stage6_sync_profile/stage6_libero_goal_task1_seed7_n3/episodes/task01_ep000_put_the_bowl_on_the_stove_success/infer.jsonl
stage6_libero_goal_task1_seed7_n3,1,0,7,draft,12,12,8.114472999295685,8.114472999295685,1,8.114472999295685,10.648979994584806,10.76343099703081,11.79621199844405,stage6,/workspace/realtime_vla_flash_project/videos/stage6_sync_profile/stage6_libero_goal_task1_seed7_n3/episodes/task01_ep000_put_the_bowl_on_the_stove_success/infer.jsonl
stage6_libero_goal_task1_seed7_n3,1,1,0,full,12,12,33.11184199992567,33.11184199992567,1,33.11184199992567,35.783459003141616,35.914820997277275,37.53386699827388,stage6,/workspace/realtime_vla_flash_project/videos/stage6_sync_profile/stage6_libero_goal_task1_seed7_n3/episodes/task01_ep001_put_the_bowl_on_the_stove_success/infer.jsonl
stage6_libero_goal_task1_seed7_n3,1,1,1,draft,12,12,8.179893993656151,8.179893993656151,1,8.179893993656151,10.657669001375325,10.773000009066891,12.391727999784052,stage6,/workspace/realtime_vla_flash_project/videos/stage6_sync_profile/stage6_libero_goal_task1_seed7_n3/episodes/task01_ep001_put_the_bowl_on_the_stove_success/infer.jsonl
stage6_libero_goal_task1_seed7_n3,1,1,2,draft,12,12,8.11907399474876,8.11907399474876,1,8.11907399474876,10.620969005685765,10.755251008959021,12.166724998678546,stage6,/workspace/realtime_vla_flash_project/videos/stage6_sync_profile/stage6_libero_goal_task1_seed7_n3/episodes/task01_ep001_put_the_bowl_on_the_stove_success/infer.jsonl
stage6_libero_goal_task1_seed7_n3,1,1,3,draft,0,0,8.1158930042875,8.1158930042875,1,8.1158930042875,10.448798006109428,10.563899013504852,12.037934000545647,stage6,/workspace/realtime_vla_flash_project/videos/stage6_sync_profile/stage6_libero_goal_task1_seed7_n3/episodes/task01_ep001_put_the_bowl_on_the_stove_success/infer.jsonl
stage6_libero_goal_task1_seed7_n3,1,1,4,full,12,12,33.13119200174697,33.13119200174697,1,33.13119200174697,34.99716099759098,35.08140199846821,36.043542000697926,stage6,/workspace/realtime_vla_flash_project/videos/stage6_sync_profile/stage6_libero_goal_task1_seed7_n3/episodes/task01_ep001_put_the_bowl_on_the_stove_success/infer.jsonl
stage6_libero_goal_task1_seed7_n3,1,1,5,draft,12,12,8.161933998053428,8.161933998053428,1,8.161933998053428,10.735410993220285,10.85672299086582,12.97375400463352,stage6,/workspace/realtime_vla_flash_project/videos/stage6_sync_profile/stage6_libero_goal_task1_seed7_n3/episodes/task01_ep001_put_the_bowl_on_the_stove_success/infer.jsonl
stage6_libero_goal_task1_seed7_n3,1,1,6,draft,12,12,8.103572996333241,8.103572996333241,1,8.103572996333241,10.605739000311587,10.726381005952135,11.985463999735657,stage6,/workspace/realtime_vla_flash_project/videos/stage6_sync_profile/stage6_libero_goal_task1_seed7_n3/episodes/task01_ep001_put_the_bowl_on_the_stove_success/infer.jsonl
stage6_libero_goal_task1_seed7_n3,1,1,7,draft,12,12,8.082943000772502,8.082943000772502,1,8.082943000772502,10.553728003287688,10.673060001863632,12.695131001237314,stage6,/workspace/realtime_vla_flash_project/videos/stage6_sync_profile/stage6_libero_goal_task1_seed7_n3/episodes/task01_ep001_put_the_bowl_on_the_stove_success/infer.jsonl
stage6_libero_goal_task1_seed7_n3,1,2,0,full,12,12,32.81000799324829,32.81000799324829,1,32.81000799324829,35.126101996866055,35.239093005657196,37.124832000699826,stage6,/workspace/realtime_vla_flash_project/videos/stage6_sync_profile/stage6_libero_goal_task1_seed7_n3/episodes/task01_ep002_put_the_bowl_on_the_stove_success/infer.jsonl
stage6_libero_goal_task1_seed7_n3,1,2,1,draft,12,12,8.16009400296025,8.16009400296025,1,8.16009400296025,10.361237000324763,10.47584800835466,11.694209999404848,stage6,/workspace/realtime_vla_flash_project/videos/stage6_sync_profile/stage6_libero_goal_task1_seed7_n3/episodes/task01_ep002_put_the_bowl_on_the_stove_success/infer.jsonl
stage6_libero_goal_task1_seed7_n3,1,2,2,draft,12,12,8.080273000814486,8.080273000814486,1,8.080273000814486,10.530928004300222,10.648270006640814,12.069535005139187,stage6,/workspace/realtime_vla_flash_project/videos/stage6_sync_profile/stage6_libero_goal_task1_seed7_n3/episodes/task01_ep002_put_the_bowl_on_the_stove_success/infer.jsonl
stage6_libero_goal_task1_seed7_n3,1,2,3,draft,0,0,8.062303000770044,8.062303000770044,1,8.062303000770044,10.586298994894605,10.701489998609759,12.507008999818936,stage6,/workspace/realtime_vla_flash_project/videos/stage6_sync_profile/stage6_libero_goal_task1_seed7_n3/episodes/task01_ep002_put_the_bowl_on_the_stove_success/infer.jsonl
stage6_libero_goal_task1_seed7_n3,1,2,4,full,12,12,32.87497899873415,32.87497899873415,1,32.87497899873415,34.792598999047186,34.88755999569548,36.05377199710347,stage6,/workspace/realtime_vla_flash_project/videos/stage6_sync_profile/stage6_libero_goal_task1_seed7_n3/episodes/task01_ep002_put_the_bowl_on_the_stove_success/infer.jsonl
stage6_libero_goal_task1_seed7_n3,1,2,5,draft,12,12,8.106083994789515,8.106083994789515,1,8.106083994789515,10.454426999785937,10.57008899806533,12.32215700292727,stage6,/workspace/realtime_vla_flash_project/videos/stage6_sync_profile/stage6_libero_goal_task1_seed7_n3/episodes/task01_ep002_put_the_bowl_on_the_stove_success/infer.jsonl
stage6_libero_goal_task1_seed7_n3,1,2,6,draft,12,12,8.059843996306881,8.059843996306881,1,8.059843996306881,10.539688999415375,10.664820001693442,12.239436000527348,stage6,/workspace/realtime_vla_flash_project/videos/stage6_sync_profile/stage6_libero_goal_task1_seed7_n3/episodes/task01_ep002_put_the_bowl_on_the_stove_success/infer.jsonl
stage6_libero_goal_task1_seed7_n3,1,2,7,draft,12,12,8.093524003925268,8.093524003925268,1,8.093524003925268,10.181474994169548,10.297445995092858,11.79029099876061,stage6,/workspace/realtime_vla_flash_project/videos/stage6_sync_profile/stage6_libero_goal_task1_seed7_n3/episodes/task01_ep002_put_the_bowl_on_the_stove_success/infer.jsonl
stage6_libero_goal_task2_seed7_n3,2,0,0,full,12,12,4483.438201001263,4483.438201001263,1,4483.438201001263,4486.047496997344,4486.170997995941,4488.199778999842,stage6,/workspace/realtime_vla_flash_project/videos/stage6_sync_profile/stage6_libero_goal_task2_seed7_n3/episodes/task02_ep000_put_the_wine_bottle_on_top_of_the_cabinet_success/infer.jsonl
stage6_libero_goal_task2_seed7_n3,2,0,1,draft,0,0,584.8616400035098,584.8616400035098,1,584.8616400035098,586.7412079969654,586.829799998668,588.8232009965577,stage6,/workspace/realtime_vla_flash_project/videos/stage6_sync_profile/stage6_libero_goal_task2_seed7_n3/episodes/task02_ep000_put_the_wine_bottle_on_top_of_the_cabinet_success/infer.jsonl
stage6_libero_goal_task2_seed7_n3,2,0,2,full,12,12,32.693166998797096,32.693166998797096,1,32.693166998797096,34.134442001231946,34.19787200255087,35.27496400056407,stage6,/workspace/realtime_vla_flash_project/videos/stage6_sync_profile/stage6_libero_goal_task2_seed7_n3/episodes/task02_ep000_put_the_wine_bottle_on_top_of_the_cabinet_success/infer.jsonl
stage6_libero_goal_task2_seed7_n3,2,0,3,draft,12,12,7.652308006072417,7.652308006072417,1,7.652308006072417,9.575039002811536,9.651580003264826,10.776971001178026,stage6,/workspace/realtime_vla_flash_project/videos/stage6_sync_profile/stage6_libero_goal_task2_seed7_n3/episodes/task02_ep000_put_the_wine_bottle_on_top_of_the_cabinet_success/infer.jsonl
stage6_libero_goal_task2_seed7_n3,2,0,4,draft,12,12,7.578067998110782,7.578067998110782,1,7.578067998110782,9.333126996352803,9.41225699352799,10.62695900327526,stage6,/workspace/realtime_vla_flash_project/videos/stage6_sync_profile/stage6_libero_goal_task2_seed7_n3/episodes/task02_ep000_put_the_wine_bottle_on_top_of_the_cabinet_success/infer.jsonl
stage6_libero_goal_task2_seed7_n3,2,0,5,draft,12,12,7.792220996634569,7.792220996634569,1,7.792220996634569,9.860862002824433,9.99922300252365,10.963512999296654,stage6,/workspace/realtime_vla_flash_project/videos/stage6_sync_profile/stage6_libero_goal_task2_seed7_n3/episodes/task02_ep000_put_the_wine_bottle_on_top_of_the_cabinet_success/infer.jsonl
stage6_libero_goal_task2_seed7_n3,2,0,6,draft,12,12,8.054593999986537,8.054593999986537,1,8.054593999986537,10.545659002673347,10.664350003935397,11.890023000887595,stage6,/workspace/realtime_vla_flash_project/videos/stage6_sync_profile/stage6_libero_goal_task2_seed7_n3/episodes/task02_ep000_put_the_wine_bottle_on_top_of_the_cabinet_success/infer.jsonl
stage6_libero_goal_task2_seed7_n3,2,0,7,draft,0,0,8.057523002207745,8.057523002207745,1,8.057523002207745,10.397117002867162,10.515927999222185,11.65671000489965,stage6,/workspace/realtime_vla_flash_project/videos/stage6_sync_profile/stage6_libero_goal_task2_seed7_n3/episodes/task02_ep000_put_the_wine_bottle_on_top_of_the_cabinet_success/infer.jsonl
stage6_libero_goal_task2_seed7_n3,2,0,8,full,12,12,33.49767599866027,33.49767599866027,1,33.49767599866027,35.55568599404069,35.63875699182972,36.59476800385164,stage6,/workspace/realtime_vla_flash_project/videos/stage6_sync_profile/stage6_libero_goal_task2_seed7_n3/episodes/task02_ep000_put_the_wine_bottle_on_top_of_the_cabinet_success/infer.jsonl
stage6_libero_goal_task2_seed7_n3,2,1,0,full,12,12,32.870868999452796,32.870868999452796,1,32.870868999452796,35.43623500445392,35.55840600893134,37.43087600014405,stage6,/workspace/realtime_vla_flash_project/videos/stage6_sync_profile/stage6_libero_goal_task2_seed7_n3/episodes/task02_ep001_put_the_wine_bottle_on_top_of_the_cabinet_success/infer.jsonl
stage6_libero_goal_task2_seed7_n3,2,1,1,draft,12,12,8.146354004566092,8.146354004566092,1,8.146354004566092,10.491537999769207,10.608769007376395,11.777011000958737,stage6,/workspace/realtime_vla_flash_project/videos/stage6_sync_profile/stage6_libero_goal_task2_seed7_n3/episodes/task02_ep001_put_the_wine_bottle_on_top_of_the_cabinet_success/infer.jsonl
stage6_libero_goal_task2_seed7_n3,2,1,2,draft,0,0,8.083443004579749,8.083443004579749,1,8.083443004579749,10.606449999613687,10.723880994191859,11.751142003049608,stage6,/workspace/realtime_vla_flash_project/videos/stage6_sync_profile/stage6_libero_goal_task2_seed7_n3/episodes/task02_ep001_put_the_wine_bottle_on_top_of_the_cabinet_success/infer.jsonl
stage6_libero_goal_task2_seed7_n3,2,1,3,full,12,12,33.554515997821,33.554515997821,1,33.554515997821,35.516486001142766,35.6118779964163,41.71004000090761,stage6,/workspace/realtime_vla_flash_project/videos/stage6_sync_profile/stage6_libero_goal_task2_seed7_n3/episodes/task02_ep001_put_the_wine_bottle_on_top_of_the_cabinet_success/infer.jsonl
stage6_libero_goal_task2_seed7_n3,2,1,4,draft,0,0,8.110133996524382,8.110133996524382,1,8.110133996524382,10.421827995742206,10.539857990806922,11.608759996306617,stage6,/workspace/realtime_vla_flash_project/videos/stage6_sync_profile/stage6_libero_goal_task2_seed7_n3/episodes/task02_ep001_put_the_wine_bottle_on_top_of_the_cabinet_success/infer.jsonl
stage6_libero_goal_task2_seed7_n3,2,1,5,full,12,12,33.33263300010003,33.33263300010003,1,33.33263300010003,35.187323002901394,35.269293999590445,36.04200200061314,stage6,/workspace/realtime_vla_flash_project/videos/stage6_sync_profile/stage6_libero_goal_task2_seed7_n3/episodes/task02_ep001_put_the_wine_bottle_on_top_of_the_cabinet_success/infer.jsonl
stage6_libero_goal_task2_seed7_n3,2,1,6,draft,12,12,8.11827400320908,8.11827400320908,1,8.11827400320908,10.550138002145104,10.666930000297725,11.677089998556767,stage6,/workspace/realtime_vla_flash_project/videos/stage6_sync_profile/stage6_libero_goal_task2_seed7_n3/episodes/task02_ep001_put_the_wine_bottle_on_top_of_the_cabinet_success/infer.jsonl
stage6_libero_goal_task2_seed7_n3,2,1,7,draft,12,12,8.03242300025886,8.03242300025886,1,8.03242300025886,10.537428999668919,10.659029998350888,11.927002997254021,stage6,/workspace/realtime_vla_flash_project/videos/stage6_sync_profile/stage6_libero_goal_task2_seed7_n3/episodes/task02_ep001_put_the_wine_bottle_on_top_of_the_cabinet_success/infer.jsonl
stage6_libero_goal_task2_seed7_n3,2,1,8,draft,12,12,8.035532999201678,8.035532999201678,1,8.035532999201678,14.106474998698104,14.223696998669766,15.701751995948143,stage6,/workspace/realtime_vla_flash_project/videos/stage6_sync_profile/stage6_libero_goal_task2_seed7_n3/episodes/task02_ep001_put_the_wine_bottle_on_top_of_the_cabinet_success/infer.jsonl
stage6_libero_goal_task2_seed7_n3,2,1,9,draft,12,12,8.018252003239468,8.018252003239468,1,8.018252003239468,10.600849993352313,10.718410994741134,11.931143002584577,stage6,/workspace/realtime_vla_flash_project/videos/stage6_sync_profile/stage6_libero_goal_task2_seed7_n3/episodes/task02_ep001_put_the_wine_bottle_on_top_of_the_cabinet_success/infer.jsonl
stage6_libero_goal_task2_seed7_n3,2,2,0,full,12,12,33.40342400042573,33.40342400042573,1,33.40342400042573,36.021652005729266,36.1503930107574,37.95249099493958,stage6,/workspace/realtime_vla_flash_project/videos/stage6_sync_profile/stage6_libero_goal_task2_seed7_n3/episodes/task02_ep002_put_the_wine_bottle_on_top_of_the_cabinet_success/infer.jsonl
stage6_libero_goal_task2_seed7_n3,2,2,1,draft,12,12,8.149074004904833,8.149074004904833,1,8.149074004904833,10.615549006615765,10.73553101014113,12.254606001079082,stage6,/workspace/realtime_vla_flash_project/videos/stage6_sync_profile/stage6_libero_goal_task2_seed7_n3/episodes/task02_ep002_put_the_wine_bottle_on_top_of_the_cabinet_success/infer.jsonl
stage6_libero_goal_task2_seed7_n3,2,2,2,draft,0,0,8.039612999709789,8.039612999709789,1,8.039612999709789,10.485698003321886,10.653990000719205,11.853311996674165,stage6,/workspace/realtime_vla_flash_project/videos/stage6_sync_profile/stage6_libero_goal_task2_seed7_n3/episodes/task02_ep002_put_the_wine_bottle_on_top_of_the_cabinet_success/infer.jsonl
stage6_libero_goal_task2_seed7_n3,2,2,3,full,12,12,33.39506500196876,33.39506500196876,1,33.39506500196876,35.29938399879029,35.384324997721706,36.347614994156174,stage6,/workspace/realtime_vla_flash_project/videos/stage6_sync_profile/stage6_libero_goal_task2_seed7_n3/episodes/task02_ep002_put_the_wine_bottle_on_top_of_the_cabinet_success/infer.jsonl
stage6_libero_goal_task2_seed7_n3,2,2,4,draft,12,12,8.133932999044191,8.133932999044191,1,8.133932999044191,10.539708004216664,10.657329003151972,11.91698299953714,stage6,/workspace/realtime_vla_flash_project/videos/stage6_sync_profile/stage6_libero_goal_task2_seed7_n3/episodes/task02_ep002_put_the_wine_bottle_on_top_of_the_cabinet_success/infer.jsonl
stage6_libero_goal_task2_seed7_n3,2,2,5,draft,12,12,8.024142996873707,8.024142996873707,1,8.024142996873707,10.422557003039401,10.54207699780818,11.895813004230149,stage6,/workspace/realtime_vla_flash_project/videos/stage6_sync_profile/stage6_libero_goal_task2_seed7_n3/episodes/task02_ep002_put_the_wine_bottle_on_top_of_the_cabinet_success/infer.jsonl
stage6_libero_goal_task2_seed7_n3,2,2,6,draft,12,12,8.006822004972491,8.006822004972491,1,8.006822004972491,10.229835999780335,10.345046997827012,11.698640999384224,stage6,/workspace/realtime_vla_flash_project/videos/stage6_sync_profile/stage6_libero_goal_task2_seed7_n3/episodes/task02_ep002_put_the_wine_bottle_on_top_of_the_cabinet_success/infer.jsonl
stage6_libero_goal_task2_seed7_n3,2,2,7,draft,12,12,8.012623002287,8.012623002287,1,8.012623002287,10.629240001435392,10.747450993221719,12.157735000073444,stage6,/workspace/realtime_vla_flash_project/videos/stage6_sync_profile/stage6_libero_goal_task2_seed7_n3/episodes/task02_ep002_put_the_wine_bottle_on_top_of_the_cabinet_success/infer.jsonl
stage6_libero_goal_task2_seed7_n3,2,2,8,draft,0,0,8.023413000046276,8.023413000046276,1,8.023413000046276,10.376837002695538,25.134089002676774,26.340850999986287,stage6,/workspace/realtime_vla_flash_project/videos/stage6_sync_profile/stage6_libero_goal_task2_seed7_n3/episodes/task02_ep002_put_the_wine_bottle_on_top_of_the_cabinet_success/infer.jsonl
stage6_libero_goal_task2_seed7_n3,2,2,9,full,12,12,33.29586399922846,33.29586399922846,1,33.29586399922846,34.99758100224426,35.084401999483816,35.95631099597085,stage6,/workspace/realtime_vla_flash_project/videos/stage6_sync_profile/stage6_libero_goal_task2_seed7_n3/episodes/task02_ep002_put_the_wine_bottle_on_top_of_the_cabinet_success/infer.jsonl
